{
  "total_return": 0.0003103324751556613,
  "annualized_return": 7.243347368790509e-06,
  "volatility": 4.711692237535819e-05,
  "sharpe_ratio": 0.15376925333342364,
  "max_drawdown": 0.0001518049456339589,
  "total_trades": 18,
  "win_rate": 0.5555555555555556,
  "avg_win": 6.95374104009664,
  "avg_loss": -4.812651437083392,
  "profit_factor": 1.8061096702628672,
  "data_frequency": "hourly",
  "prediction_horizon_hours": 24.0,
  "periods_per_year": 252.0,
  "tier_performance": {
    "pnl_sum": {
      "0": 8.5163,
      "1": 0.1008,
      "2": 13.2293,
      "3": 9.1898
    },
    "pnl_mean": {
      "0": 0.001,
      "1": 0.0001,
      "2": 0.0231,
      "3": 0.0254
    },
    "pnl_count": {
      "0": 8275,
      "1": 1586,
      "2": 572,
      "3": 362
    },
    "tier_confidence_mean": {
      "0": 5.0,
      "1": 5.0,
      "2": 5.0,
      "3": 5.0
    }
  },
  "probability_calibration": {
    "(-0.000976, 0.0976]": 0.0,
    "(0.0976, 0.195]": null,
    "(0.195, 0.293]": null,
    "(0.293, 0.39]": 0.0,
    "(0.39, 0.488]": 0.0004510091329349419,
    "(0.488, 0.585]": 0.006631299734748011,
    "(0.585, 0.683]": 0.0,
    "(0.683, 0.781]": 0.0,
    "(0.781, 0.878]": null,
    "(0.878, 0.976]": 0.5
  }
}