{
  "total_return": 0.16399473662740527,
  "annualized_return": 0.1422813613952767,
  "volatility": 0.16434464836146884,
  "sharpe_ratio": 0.8917430048874191,
  "max_drawdown": -0.13956055765281633,
  "total_trades": 3101,
  "total_holds": 6615,
  "total_periods": 10000,
  "trade_frequency": 0.3101,
  "hold_frequency": 0.6615,
  "hold_reasons": {
    "HOLD_POSITION": 6615
  },
  "win_rate": 0.07481457594324412,
  "final_balance": 116360.36359168153,
  "final_position": 0.0,
  "final_portfolio_value": 116399.47366274054
}