{
  "total_return": 0.04100000247801372,
  "annualized_return": 0.03582607638187918,
  "volatility": 0.13177764211293372,
  "sharpe_ratio": 0.3329338203705665,
  "max_drawdown": -0.17738752446578973,
  "total_trades": 3685,
  "total_holds": 6182,
  "total_periods": 10000,
  "trade_frequency": 0.3685,
  "hold_frequency": 0.6182,
  "hold_reasons": {
    "HOLD_NO_POSITION": 1,
    "HOLD_POSITION": 6181
  },
  "win_rate": 0.09118046132971507,
  "final_balance": 104088.48488565504,
  "final_position": 0.0,
  "final_portfolio_value": 104100.00024780136
}