{
  "total_return": -0.020876710022200706,
  "annualized_return": -0.01831185639082822,
  "volatility": 0.050750590070275554,
  "sharpe_ratio": -0.3388254305350998,
  "max_drawdown": -0.0568496455340176,
  "total_trades": 2145,
  "total_holds": 7839,
  "total_periods": 10000,
  "trade_frequency": 0.2145,
  "hold_frequency": 0.7839,
  "hold_reasons": {
    "HOLD_NO_POSITION": 2,
    "HOLD_POSITION": 7837
  },
  "win_rate": 0.1258741258741259,
  "final_balance": 97898.90172734763,
  "final_position": 0.0,
  "final_portfolio_value": 97912.32899777993
}