{
  "total_return": 0.27553402615167677,
  "annualized_return": 0.23761690913299538,
  "volatility": 0.16518667953013857,
  "sharpe_ratio": 1.3731762330997672,
  "max_drawdown": -0.14738939862545417,
  "total_trades": 2527,
  "total_holds": 7150,
  "total_periods": 10000,
  "trade_frequency": 0.2527,
  "hold_frequency": 0.715,
  "hold_reasons": {
    "HOLD_NO_POSITION": 9,
    "HOLD_POSITION": 7141
  },
  "win_rate": 0.07004352987732489,
  "final_balance": 127512.08028449598,
  "final_position": 0.0,
  "final_portfolio_value": 127553.40261516767
}