{
  "total_return": 0.11520824432635446,
  "annualized_return": 0.10023088213337905,
  "volatility": 0.08866812932793894,
  "sharpe_ratio": 1.1216409494847956,
  "max_drawdown": -0.05669428210002597,
  "total_trades": 3080,
  "total_holds": 6921,
  "total_periods": 10000,
  "trade_frequency": 0.308,
  "hold_frequency": 0.6921,
  "hold_reasons": {
    "HOLD_NO_POSITION": 1,
    "HOLD_POSITION": 6920
  },
  "win_rate": 0.10649350649350649,
  "final_balance": 111479.19687589817,
  "final_position": 0.0,
  "final_portfolio_value": 111520.82443263545
}