{
  "total_return": 0.15651449349586044,
  "annualized_return": 0.13584833526784146,
  "volatility": 0.18927370126994825,
  "sharpe_ratio": 0.7677785018578513,
  "max_drawdown": -0.18631064796902647,
  "total_trades": 3465,
  "total_holds": 6048,
  "total_periods": 10000,
  "trade_frequency": 0.3465,
  "hold_frequency": 0.6048,
  "hold_reasons": {
    "HOLD_POSITION": 6048
  },
  "win_rate": 0.06753246753246753,
  "final_balance": 115643.05335763408,
  "final_position": 0.0,
  "final_portfolio_value": 115651.44934958605
}