{
  "total_observations": 10000,
  "signal_direction_distribution": {
    "HOLD": 6048,
    "LONG": 3513,
    "SHORT": 439
  },
  "trade_outcome_distribution": {
    "HOLD_POSITION": 6048,
    "EXECUTED": 3464,
    "HOLD_NO_POSITION": 488
  },
  "execution_rate_by_direction": {
    "LONG": {
      "execution_rate": 0.861087389695417,
      "total_signals": 3513,
      "executed_trades": "3025"
    },
    "HOLD": {
      "execution_rate": 0.0,
      "total_signals": 6048,
      "executed_trades": "0"
    },
    "SHORT": {
      "execution_rate": 1.0,
      "total_signals": 439,
      "executed_trades": "439"
    }
  },
  "execution_rate_by_confidence": {
    "High": {
      "execution_rate": 0.4225913621262459,
      "total_signals": 1505,
      "avg_target_pct": 0.013917624684205838
    },
    "Very_High": {
      "execution_rate": 0.2701838529176659,
      "total_signals": 6255,
      "avg_target_pct": 0.015726061977102832
    },
    "Medium": {
      "execution_rate": 0.4743718592964824,
      "total_signals": 995,
      "avg_target_pct": 0.008065263641217974
    },
    "Low": {
      "execution_rate": 0.5349397590361445,
      "total_signals": 1245,
      "avg_target_pct": 0.008693917736228851
    }
  },
  "execution_rate_by_strength": {
    "Medium": {
      "execution_rate": 0.8578088578088578,
      "total_signals": 429,
      "avg_confidence": 5.480186480186481
    },
    "Very_Low": {
      "execution_rate": 0.0006609385327164573,
      "total_signals": 6052,
      "avg_confidence": 8.720423000660938
    },
    "Low": {
      "execution_rate": 0.8787790697674419,
      "total_signals": 3440,
      "avg_confidence": 7.600581395348837
    },
    "Very_High": {
      "execution_rate": 0.9333333333333333,
      "total_signals": 45,
      "avg_confidence": 6.711111111111111
    },
    "High": {
      "execution_rate": 0.7941176470588235,
      "total_signals": 34,
      "avg_confidence": 6.470588235294118
    }
  },
  "average_metrics_by_outcome": {
    "EXECUTED": {
      "count": 3464,
      "avg_signal_strength": 0.47338244220150005,
      "avg_confidence": 7.422055427251732,
      "avg_target_pct": 0.017497372914092212,
      "avg_prob_directional": 0.5527935534117462,
      "avg_signal_quality_score": 0.019161465110987406
    },
    "HOLD_POSITION": {
      "count": 6048,
      "avg_signal_strength": 0.1409166052659547,
      "avg_confidence": 8.71957671957672,
      "avg_target_pct": 0.011438185647469177,
      "avg_prob_directional": 0.5239836599945135,
      "avg_signal_quality_score": 0.00634964126957473
    },
    "HOLD_NO_POSITION": {
      "count": 488,
      "avg_signal_strength": 0.47817292938643924,
      "avg_confidence": 6.862704918032787,
      "avg_target_pct": 0.017156477768065108,
      "avg_prob_directional": 0.5593207707919261,
      "avg_signal_quality_score": 0.01807804189284136
    }
  },
  "threshold_analysis": {
    "above_threshold": {
      "count": 1245,
      "execution_rate": 0.5349397590361445,
      "avg_signal_strength": 0.37679171949869944
    },
    "below_threshold": {
      "count": 8755,
      "execution_rate": 0.31958880639634496,
      "avg_signal_strength": 0.257715945996481
    }
  },
  "time_analysis": {
    "execution_rate_by_hour": {
      "0": 0.3293269230769231,
      "1": 0.37740384615384615,
      "2": 0.35336538461538464,
      "3": 0.3557692307692308,
      "4": 0.32211538461538464,
      "5": 0.36778846153846156,
      "6": 0.34615384615384615,
      "7": 0.33653846153846156,
      "8": 0.31894484412470026,
      "9": 0.33093525179856115,
      "10": 0.302158273381295,
      "11": 0.3261390887290168,
      "12": 0.33573141486810554,
      "13": 0.34292565947242204,
      "14": 0.37170263788968827,
      "15": 0.39568345323741005,
      "16": 0.4172661870503597,
      "17": 0.34532374100719426,
      "18": 0.33573141486810554,
      "19": 0.354916067146283,
      "20": 0.3333333333333333,
      "21": 0.33093525179856115,
      "22": 0.3237410071942446,
      "23": 0.3597122302158273
    },
    "execution_rate_by_day": {
      "Friday": 0.3708100558659218,
      "Monday": 0.3715277777777778,
      "Saturday": 0.28958333333333336,
      "Sunday": 0.2972222222222222,
      "Thursday": 0.346045197740113,
      "Tuesday": 0.3637005649717514,
      "Wednesday": 0.3870056497175141
    },
    "weekend_vs_weekday": {
      "weekend_execution_rate": 0.2934027777777778,
      "weekday_execution_rate": 0.3678370786516854
    }
  }
}