{
  "total_observations": 10000,
  "signal_direction_distribution": {
    "HOLD": 6957,
    "LONG": 2512,
    "SHORT": 531
  },
  "trade_outcome_distribution": {
    "HOLD_POSITION": 6957,
    "EXECUTED": 3008,
    "HOLD_NO_POSITION": 35
  },
  "execution_rate_by_direction": {
    "LONG": {
      "execution_rate": 0.9860668789808917,
      "total_signals": 2512,
      "executed_trades": "2477"
    },
    "HOLD": {
      "execution_rate": 0.0,
      "total_signals": 6957,
      "executed_trades": "0"
    },
    "SHORT": {
      "execution_rate": 1.0,
      "total_signals": 531,
      "executed_trades": "531"
    }
  },
  "execution_rate_by_confidence": {
    "Low": {
      "execution_rate": 0.49032738095238093,
      "total_signals": 2688,
      "avg_target_pct": 0.0075015979479792815
    },
    "Medium": {
      "execution_rate": 0.34371957156767285,
      "total_signals": 1027,
      "avg_target_pct": 0.006569539689149792
    },
    "High": {
      "execution_rate": 0.2578062449959968,
      "total_signals": 1249,
      "avg_target_pct": 0.011296936039966175
    },
    "Very_High": {
      "execution_rate": 0.20154884829229547,
      "total_signals": 5036,
      "avg_target_pct": 0.012698845229844857
    }
  },
  "execution_rate_by_strength": {
    "Medium": {
      "execution_rate": 1.0,
      "total_signals": 195,
      "avg_confidence": 3.948717948717949
    },
    "Very_Low": {
      "execution_rate": 0.0,
      "total_signals": 6957,
      "avg_confidence": 7.7608164438694835
    },
    "Low": {
      "execution_rate": 0.9877106741573034,
      "total_signals": 2848,
      "avg_confidence": 6.158707865168539
    }
  },
  "average_metrics_by_outcome": {
    "EXECUTED": {
      "count": 3008,
      "avg_signal_strength": 0.46257185865508094,
      "avg_confidence": 6.024933510638298,
      "avg_target_pct": 0.012065523510792512,
      "avg_prob_directional": 0.543160891795291,
      "avg_signal_quality_score": 0.014622106789829665
    },
    "HOLD_POSITION": {
      "count": 6957,
      "avg_signal_strength": 0.14441311927990955,
      "avg_confidence": 7.7608164438694835,
      "avg_target_pct": 0.009818177750352935,
      "avg_prob_directional": 0.5263604313166326,
      "avg_signal_quality_score": 0.00579903221799002
    },
    "HOLD_NO_POSITION": {
      "count": 35,
      "avg_signal_strength": 0.464865202981918,
      "avg_confidence": 5.3428571428571425,
      "avg_target_pct": 0.010694654476353212,
      "avg_prob_directional": 0.5469002388022566,
      "avg_signal_quality_score": 0.013020793935820323
    }
  },
  "threshold_analysis": {
    "above_threshold": {
      "count": 2688,
      "execution_rate": 0.49032738095238093,
      "avg_signal_strength": 0.31275275531260405
    },
    "below_threshold": {
      "count": 7312,
      "execution_rate": 0.23112691466083152,
      "avg_signal_strength": 0.2149465395909329
    }
  },
  "time_analysis": {
    "execution_rate_by_hour": {
      "0": 0.2932692307692308,
      "1": 0.31971153846153844,
      "2": 0.27163461538461536,
      "3": 0.2692307692307692,
      "4": 0.2860576923076923,
      "5": 0.31971153846153844,
      "6": 0.24519230769230768,
      "7": 0.3004807692307692,
      "8": 0.31414868105515587,
      "9": 0.2805755395683453,
      "10": 0.2709832134292566,
      "11": 0.2949640287769784,
      "12": 0.2973621103117506,
      "13": 0.3237410071942446,
      "14": 0.33093525179856115,
      "15": 0.31414868105515587,
      "16": 0.3237410071942446,
      "17": 0.30935251798561153,
      "18": 0.2733812949640288,
      "19": 0.3381294964028777,
      "20": 0.3117505995203837,
      "21": 0.3069544364508393,
      "22": 0.2997601918465228,
      "23": 0.3237410071942446
    },
    "execution_rate_by_day": {
      "Friday": 0.3610335195530726,
      "Monday": 0.33194444444444443,
      "Saturday": 0.2361111111111111,
      "Sunday": 0.21666666666666667,
      "Thursday": 0.2895480225988701,
      "Tuesday": 0.3192090395480226,
      "Wednesday": 0.3524011299435028
    },
    "weekend_vs_weekday": {
      "weekend_execution_rate": 0.2263888888888889,
      "weekday_execution_rate": 0.3308988764044944
    }
  }
}