{
  "total_observations": 10000,
  "signal_direction_distribution": {
    "HOLD": 6306,
    "LONG": 3076,
    "SHORT": 618
  },
  "trade_outcome_distribution": {
    "HOLD_POSITION": 6306,
    "EXECUTED": 3521,
    "HOLD_NO_POSITION": 173
  },
  "execution_rate_by_direction": {
    "LONG": {
      "execution_rate": 0.9437581274382315,
      "total_signals": 3076,
      "executed_trades": "2903"
    },
    "HOLD": {
      "execution_rate": 0.0,
      "total_signals": 6306,
      "executed_trades": "0"
    },
    "SHORT": {
      "execution_rate": 1.0,
      "total_signals": 618,
      "executed_trades": "618"
    }
  },
  "execution_rate_by_confidence": {
    "Low": {
      "execution_rate": 0.49851190476190477,
      "total_signals": 2688,
      "avg_target_pct": 0.009628093414777838
    },
    "Medium": {
      "execution_rate": 0.41674780915287246,
      "total_signals": 1027,
      "avg_target_pct": 0.008194809909565533
    },
    "High": {
      "execution_rate": 0.33306645316253003,
      "total_signals": 1249,
      "avg_target_pct": 0.014195804881032016
    },
    "Very_High": {
      "execution_rate": 0.26548848292295474,
      "total_signals": 5036,
      "avg_target_pct": 0.01637080752087021
    }
  },
  "execution_rate_by_strength": {
    "Medium": {
      "execution_rate": 0.9331259720062208,
      "total_signals": 643,
      "avg_confidence": 4.157076205287714
    },
    "Very_Low": {
      "execution_rate": 0.0006339144215530904,
      "total_signals": 6310,
      "avg_confidence": 7.7687797147385105
    },
    "Low": {
      "execution_rate": 0.9565217391304348,
      "total_signals": 2944,
      "avg_confidence": 6.796535326086956
    },
    "Very_High": {
      "execution_rate": 0.9830508474576272,
      "total_signals": 59,
      "avg_confidence": 6.694915254237288
    },
    "High": {
      "execution_rate": 0.9772727272727273,
      "total_signals": 44,
      "avg_confidence": 4.636363636363637
    }
  },
  "average_metrics_by_outcome": {
    "EXECUTED": {
      "count": 3521,
      "avg_signal_strength": 0.48530431450403155,
      "avg_confidence": 6.3737574552683895,
      "avg_target_pct": 0.016572721792088567,
      "avg_prob_directional": 0.5664906458425506,
      "avg_signal_quality_score": 0.01712650271171013
    },
    "HOLD_POSITION": {
      "count": 6306,
      "avg_signal_strength": 0.14024964628239475,
      "avg_confidence": 7.767364414843007,
      "avg_target_pct": 0.011678778178201746,
      "avg_prob_directional": 0.5329784088268161,
      "avg_signal_quality_score": 0.005656407386028533
    },
    "HOLD_NO_POSITION": {
      "count": 173,
      "avg_signal_strength": 0.48816139627026434,
      "avg_confidence": 5.08092485549133,
      "avg_target_pct": 0.014285567779618162,
      "avg_prob_directional": 0.570400800838826,
      "avg_signal_quality_score": 0.013693774294572036
    }
  },
  "threshold_analysis": {
    "above_threshold": {
      "count": 2688,
      "execution_rate": 0.49851190476190477,
      "avg_signal_strength": 0.34104707889231467
    },
    "below_threshold": {
      "count": 7312,
      "execution_rate": 0.29827680525164113,
      "avg_signal_strength": 0.24082168138918086
    }
  },
  "time_analysis": {
    "execution_rate_by_hour": {
      "0": 0.37259615384615385,
      "1": 0.3605769230769231,
      "2": 0.3317307692307692,
      "3": 0.3173076923076923,
      "4": 0.31971153846153844,
      "5": 0.3557692307692308,
      "6": 0.3173076923076923,
      "7": 0.34134615384615385,
      "8": 0.328537170263789,
      "9": 0.31654676258992803,
      "10": 0.33573141486810554,
      "11": 0.3405275779376499,
      "12": 0.37410071942446044,
      "13": 0.3669064748201439,
      "14": 0.39568345323741005,
      "15": 0.36930455635491605,
      "16": 0.41007194244604317,
      "17": 0.3597122302158273,
      "18": 0.3117505995203837,
      "19": 0.3908872901678657,
      "20": 0.3381294964028777,
      "21": 0.34532374100719426,
      "22": 0.3501199040767386,
      "23": 0.40047961630695444
    },
    "execution_rate_by_day": {
      "Friday": 0.388268156424581,
      "Monday": 0.3888888888888889,
      "Saturday": 0.27708333333333335,
      "Sunday": 0.29375,
      "Thursday": 0.355225988700565,
      "Tuesday": 0.3502824858757062,
      "Wednesday": 0.4124293785310734
    },
    "weekend_vs_weekday": {
      "weekend_execution_rate": 0.28541666666666665,
      "weekday_execution_rate": 0.37907303370786516
    }
  }
}