{
  "total_observations": 10000,
  "signal_direction_distribution": {
    "HOLD": 6615,
    "LONG": 2918,
    "SHORT": 467
  },
  "trade_outcome_distribution": {
    "HOLD_POSITION": 6615,
    "EXECUTED": 3100,
    "HOLD_NO_POSITION": 285
  },
  "execution_rate_by_direction": {
    "LONG": {
      "execution_rate": 0.9023303632625086,
      "total_signals": 2918,
      "executed_trades": "2633"
    },
    "HOLD": {
      "execution_rate": 0.0,
      "total_signals": 6615,
      "executed_trades": "0"
    },
    "SHORT": {
      "execution_rate": 1.0,
      "total_signals": 467,
      "executed_trades": "467"
    }
  },
  "execution_rate_by_confidence": {
    "Medium": {
      "execution_rate": 0.5107832009080591,
      "total_signals": 881,
      "avg_target_pct": 0.007261008009564356
    },
    "High": {
      "execution_rate": 0.4079207920792079,
      "total_signals": 1515,
      "avg_target_pct": 0.012715448754669978
    },
    "Very_High": {
      "execution_rate": 0.2352855265079597,
      "total_signals": 6847,
      "avg_target_pct": 0.014015674581913412
    },
    "Low": {
      "execution_rate": 0.5561426684280053,
      "total_signals": 757,
      "avg_target_pct": 0.006901457716832192
    }
  },
  "execution_rate_by_strength": {
    "Medium": {
      "execution_rate": 0.8735632183908046,
      "total_signals": 174,
      "avg_confidence": 5.931034482758621
    },
    "Very_Low": {
      "execution_rate": 0.0,
      "total_signals": 6615,
      "avg_confidence": 9.031746031746032
    },
    "Low": {
      "execution_rate": 0.9180430040511063,
      "total_signals": 3209,
      "avg_confidence": 7.777189155500156
    },
    "High": {
      "execution_rate": 1.0,
      "total_signals": 1,
      "avg_confidence": 7.0
    },
    "Very_High": {
      "execution_rate": 1.0,
      "total_signals": 1,
      "avg_confidence": 10.0
    }
  },
  "average_metrics_by_outcome": {
    "EXECUTED": {
      "count": 3100,
      "avg_signal_strength": 0.457298701963179,
      "avg_confidence": 7.725483870967742,
      "avg_target_pct": 0.01598513528202574,
      "avg_prob_directional": 0.5359315340897708,
      "avg_signal_quality_score": 0.01865149763318708
    },
    "HOLD_POSITION": {
      "count": 6615,
      "avg_signal_strength": 0.1418846540612105,
      "avg_confidence": 9.031746031746032,
      "avg_target_pct": 0.011011549047940779,
      "avg_prob_directional": 0.5193469052710141,
      "avg_signal_quality_score": 0.006603350138740575
    },
    "HOLD_NO_POSITION": {
      "count": 285,
      "avg_signal_strength": 0.4628380746770352,
      "avg_confidence": 7.217543859649123,
      "avg_target_pct": 0.01563250507840796,
      "avg_prob_directional": 0.5416241248226795,
      "avg_signal_quality_score": 0.01769517452773838
    }
  },
  "threshold_analysis": {
    "above_threshold": {
      "count": 757,
      "execution_rate": 0.5561426684280053,
      "avg_signal_strength": 0.35619590749072233
    },
    "below_threshold": {
      "count": 9243,
      "execution_rate": 0.2898409607270367,
      "avg_signal_strength": 0.24001531018210973
    }
  },
  "time_analysis": {
    "execution_rate_by_hour": {
      "0": 0.3076923076923077,
      "1": 0.3389423076923077,
      "2": 0.3293269230769231,
      "3": 0.2980769230769231,
      "4": 0.29086538461538464,
      "5": 0.3125,
      "6": 0.30288461538461536,
      "7": 0.3004807692307692,
      "8": 0.2949640287769784,
      "9": 0.27577937649880097,
      "10": 0.2997601918465228,
      "11": 0.31654676258992803,
      "12": 0.30935251798561153,
      "13": 0.290167865707434,
      "14": 0.35731414868105515,
      "15": 0.33093525179856115,
      "16": 0.38848920863309355,
      "17": 0.302158273381295,
      "18": 0.2949640287769784,
      "19": 0.30935251798561153,
      "20": 0.28776978417266186,
      "21": 0.2997601918465228,
      "22": 0.30935251798561153,
      "23": 0.29256594724220625
    },
    "execution_rate_by_day": {
      "Friday": 0.36731843575418993,
      "Monday": 0.35208333333333336,
      "Saturday": 0.2326388888888889,
      "Sunday": 0.24444444444444444,
      "Thursday": 0.2923728813559322,
      "Tuesday": 0.3439265536723164,
      "Wednesday": 0.3382768361581921
    },
    "weekend_vs_weekday": {
      "weekend_execution_rate": 0.23854166666666668,
      "weekday_execution_rate": 0.33890449438202247
    }
  }
}