{
  "total_return": 4.62443940727475e-05,
  "annualized_return": 1.0795112688199993e-06,
  "volatility": 1.8320013864917316e-05,
  "sharpe_ratio": 0.058936329593868665,
  "max_drawdown": 9.85894034843659e-05,
  "total_trades": 9,
  "win_rate": 0.5555555555555556,
  "avg_win": 3.5608482957771246,
  "avg_loss": -3.294759111642122,
  "profit_factor": 1.3509516838403939,
  "data_frequency": "hourly",
  "prediction_horizon_hours": 24.0,
  "periods_per_year": 252.0,
  "tier_performance": {
    "pnl_sum": {
      "0": 4.7826,
      "1": -1.7438,
      "2": 0.0,
      "3": 1.5864
    },
    "pnl_mean": {
      "0": 0.0006,
      "1": -0.0011,
      "2": 0.0,
      "3": 0.0044
    },
    "pnl_count": {
      "0": 8275,
      "1": 1586,
      "2": 572,
      "3": 362
    },
    "tier_confidence_mean": {
      "0": 5.0,
      "1": 5.0,
      "2": 5.0,
      "3": 5.0
    }
  },
  "probability_calibration": {
    "(-0.000976, 0.0976]": 0.0,
    "(0.0976, 0.195]": null,
    "(0.195, 0.293]": null,
    "(0.293, 0.39]": 0.0,
    "(0.39, 0.488]": 0.00011275228323373548,
    "(0.488, 0.585]": 0.005305039787798408,
    "(0.585, 0.683]": 0.0,
    "(0.683, 0.781]": 0.0,
    "(0.781, 0.878]": null,
    "(0.878, 0.976]": 0.0
  }
}