,Hit Rate,Avg Return,Info Ratio,Count
A,0.9009216589861752,0.0069035729393363,0.2819916307926178,434.0
C,0.7046223224351748,-0.0001616653025848791,-0.009847254492342472,887.0
B,0.8421750663129973,-0.0005436522187665105,-0.010059877298772335,754.0
D,0.6055555555555555,-0.0011018404038622975,-0.03471551463007927,360.0
