{
  "total_return": 0.006445474657983619,
  "annualized_return": 0.00014999248316893699,
  "volatility": 0.0012622760160066234,
  "sharpe_ratio": 0.11922503364839497,
  "max_drawdown": 0.004737148256571781,
  "total_trades": 713,
  "win_rate": 0.5245441795231417,
  "avg_win": 18.48692366796002,
  "avg_loss": -18.493893533591198,
  "profit_factor": 1.1028290535824599,
  "data_frequency": "hourly",
  "prediction_horizon_hours": 24.0,
  "periods_per_year": 252.0,
  "tier_performance": {
    "pnl_sum": {
      "0": 148.1166,
      "1": -297.8339,
      "2": 409.9764,
      "3": 384.4204
    },
    "pnl_mean": {
      "0": 0.0179,
      "1": -0.1878,
      "2": 0.7167,
      "3": 1.0619
    },
    "pnl_count": {
      "0": 8275,
      "1": 1586,
      "2": 572,
      "3": 362
    },
    "tier_confidence_mean": {
      "0": 5.0,
      "1": 5.0,
      "2": 5.0,
      "3": 5.0
    }
  },
  "probability_calibration": {
    "(-0.000976, 0.0976]": 0.3333333333333333,
    "(0.0976, 0.195]": null,
    "(0.195, 0.293]": null,
    "(0.293, 0.39]": 0.0025996533795493936,
    "(0.39, 0.488]": 0.025369263727590484,
    "(0.488, 0.585]": 0.1856763925729443,
    "(0.585, 0.683]": 0.25,
    "(0.683, 0.781]": 0.5,
    "(0.781, 0.878]": null,
    "(0.878, 0.976]": 0.5
  }
}